{"_id":{"$oid":"60524bb18c7458744909bd4b"},"Title":"Silence of the Lambs","Description":"A young FBI cadet must receive the help of an incarcerated and manipulative cannibal killer to help catch another serial killer.","Genre":{"Name":"Thriller","Description":"Thriller film, also known as suspense film or suspense thriller, is a broad film genre that involves excitement and suspense in the audience."},"Director":{"Name":"Jonathan Demme","Bio":"Robert Jonathan Demme was an American director, producer, and screenwriter.","Birth":"1944","Death":"2017"},"ImagePath":"https://www.imdb.com/title/tt0102926/mediaviewer/rm3242988544/","Featured":true}
{"_id":{"$oid":"6053bb2d712576cc166d7b73"},"Title":"Vertigo","Description":"A former police detective juggles wrestling with his personal demons and becoming obsessed with a hauntingly beautiful woman","Genre":{"Name":"Mystery","Description":"The mystery genre is a genre of fiction that follows a crime (like a murder or a disappearance) from the moment it is committed to the moment it is solved. Mystery novels are often called “whodunnits” because they turn the reader into a detective trying to figure out the who, what, when, and how of a particular crime."},"Director":{"Name":"Alfred Hitchcock","Bio":"Alfred Hitchcock was an American director, producer, and screenwriter.","Birth":"1899","Death":"1980"},"ImagePath":"https://www.imdb.com/title/tt0052357/mediaviewer/rm4007330816/","Featured":true}
{"_id":{"$oid":"6053c2f7712576cc166d7b74"},"Title":"Finding Nemo","Description":"After his son is captured in the Great Barrier Reef and taken to Sydney, a timid clownfish sets out on a journey to bring him home.","Genre":{"Name":"Adventure","Description":"Adventure. Adventure film is a genre that revolves around the conquests and explorations of a protagonist. The purpose of the conquest can be to retrieve a person or treasure, but often the main focus is simply the pursuit of the unknown. These films generally take place in exotic locations and play on historical myths."},"Director":{"Name":"Andrew Stanton","Bio":"Andrew Stanton has been a major creative force at Pixar Animation Studios since 1990, when he became the second animator and ninth employee to join the company's elite group of computer animation pioneers.","Birth":"1965","Death":""},"ImagePath":"https://www.imdb.com/title/tt0266543/mediaviewer/rm3313243136/","Featured":true}
{"_id":{"$oid":"6053c6f3712576cc166d7b76"},"Title":"Alien","Description":"After a space merchant vessel receives an unknown transmission as a distress call, one of the crew is attacked by a mysterious life form and they soon realize that its life cycle has merely begun.","Genre":{"Name":"Sci- Fi","Description":"Science fiction (or sci-fi) is a film genre that uses speculative, fictional science-based depictions of phenomena that are not fully accepted by mainstream science, such as extraterrestrial lifeforms, alien worlds, extrasensory perception and time travel, along with futuristic elements such as spacecraft, robots, cyborgs, interstellar travel or other technologies. Science fiction films have often been used to focus on political or social issues, and to explore philosophical issues like the human condition."},"Director":{"Name":"Ridley Scott","Bio":"Described by film producer Michael Deeley as the 'very best eye in the business', director Ridley Scott was born on November 30, 1937 in South Shields, Tyne and Wear (then County Durham).","Birth":"1963","Death":""},"ImagePath":"https://www.imdb.com/title/tt0078748/mediaviewer/rm2990766080/","Featured":true}
{"_id":{"$oid":"605a4e5abe2a87a95dbece16"},"Title":"The Witch","Description":"A family in 1630s New England is torn apart by the forces of witchcraft, black magic, and possession.","Genre":{"Name":"Horror","Description":"Horror is a genre of speculative fiction which is intended to frighten, scare, or disgust."},"Director":{"Name":"Robert Eggers","Bio":"Robert Eggers was born on July 7, 1983 in Lee, New Hampshire, USA. He is a production designer and director, known for The Lighthouse (2019), The Witch (2015) and The Tell-Tale Heart (2008).","Birth":"1983","Death":""},"ImagePath":"https://www.imdb.com/title/tt4263482/mediaviewer/rm2328686080/","Featured":true}
{"_id":{"$oid":"605a4f50be2a87a95dbece17"},"Title":"Kill Bill","Description":"After awakening from a four-year coma, a former assassin wreaks vengeance on the team of assassins who betrayed her.","Genre":{"Name":"Action","Description":"Action film is a film genre in which the protagonist or protagonists are thrust into a series of events that typically include violence, extended fighting, physical feats, rescues and frantic chases."},"Director":{"Name":"Quentin Tarantino","Bio":"Quentin Jerome Tarantino was born in Knoxville, Tennessee. His father, Tony Tarantino, is an Italian-American actor and musician from New York, and his mother, Connie (McHugh), is a nurse from Tennessee. Quentin moved with his mother to Torrance, California, when he was four years old.","Birth":"1963","Death":""},"ImagePath":"https://www.imdb.com/title/tt0266697/mediaviewer/rm2033140224/","Featured":true}
{"_id":{"$oid":"605a6352be2a87a95dbece27"},"Title":"Birdman","Description":"A washed-up superhero actor attempts to revive his fading career by writing, directing, and starring in a Broadway production.","Genre":{"Name":"Comedy","Description":"A comedy film is a category of film in which the main emphasis is on humor. These films are designed to make the audience laugh through amusement and most often work by exaggerating characteristics for humorous effect."},"Director":{"Name":"Alejandro G. Iñárritu","Bio":"Alejandro González Iñárritu (ih-nyar-ee-too), born August 15th, 1963, is a Mexican film director. González Iñárritu is the first Mexican director to be nominated for the Academy Award for Best Director and by the Directors Guild of America for Best Director.","Birth":"1963","Death":""},"ImagePath":"https://www.imdb.com/title/tt0086879/mediaviewer/rm3039435264/","Featured":true}
{"_id":{"$oid":"605a6b47be2a87a95dbece28"},"Title":"Raising Arizona","Description":"When a childless couple of an ex-con and an ex-cop decide to help themselves to one of another family's quintuplets, their lives become more complicated than they anticipated.","Genre":{"Name":"Crime","Description":"Crime fiction is the genre of fiction that deals with crimes, their detection, criminals, and their motives. Most - though not all - crime novels crime novels share a common structure."},"Director":{"Name":"Coen Brothers","Bio":"Joel Coen and Ethan Coen, collectively referred to as the Coen Brothers, are American film directors, producers, screenwriters, and editors. Their films span many genres and styles, which they frequently subvert or parody.","Birth":"1954","Death":""},"ImagePath":"https://www.imdb.com/title/tt0093822/mediaviewer/rm4098099712/","Featured":true}
